id,nombre,categoria,marca,modelo,departamento,estado,fecha_registro
EQ001,Laptop Dell Latitude 5420,Computadoras,Dell,Latitude 5420,Informatica,Activo,2026-09-24
EQ002,Impresora Epson L3250,Impresoras,Epson,L3250,Administracion,Activo,2026-09-24
EQ003,Monitor Samsung 24,Monitores,Samsung,LF24T350,Contabilidad,Mantenimiento,2026-09-24
EQ004,Router Cisco RV340,Redes,Cisco,RV340,Informatica,Activo,2026-09-24
EQ005,Laptop Lenovo ThinkPad E14,Computadoras,Lenovo,ThinkPad E14,Contabilidad,Inactivo,2026-09-24
EQ008,Servidor Dell PowerEdge T350,Servidores,Dell,PowerEdge T350,Informatica,Activo,2026-09-24
EQ010,Tablet,Tablet pro,Samsung,504R,Modelaje,Activo,2026-09-28
EQ013,Computadora Mantenimiento,Computadora,Dell,it456,Auditoria,Activa,2026-09-28
EQ15,Tablet de recepcion,Tablet rt45,Huawei,rt45,Recepcion,Mantenimiento,2026-09-28
EQ019,Cafetera,Cafetera dell,Samsung,tr56,Cocina,Activo,2026-09-28
